Long URL,Short URL,Expiry Date,Is Internal
https://git.epam.com/epmc-acm-public/aws-associate-training/-/blob/master/certification/AWS_Certified_SysOps_%E2%80%93_Associate/README.md,cx-cert-sysops,,True
https://git.epam.com/epmc-acm-public/aws-associate-training/-/blob/master/materials/ci_cd/README.md,cx-cicd,,True
https://git.epam.com/epmc-acm-public/aws-associate-training/-/blob/master/tasks/deploy-ghost/task5_monitoring.md,cx-lab-5,,True
https://git.epam.com/epmc-acm-public/aws-associate-training/-/blob/master/materials/observability_services/hands-on-labs.md,cx-obs-ho,,True
https://git.epam.com/epmc-acm-public/aws-associate-training/-/blob/master/materials/observability_services/README.md,cx-obs,,True
https://git.epam.com/epmc-acm-public/aws-associate-training/-/blob/master/materials/serverless/hands-on-labs.md,cx-srvl-ho,,True
https://git.epam.com/epmc-acm-public/aws-associate-training/-/blob/master/materials/serverless/README.md,cx-srvl,,True
https://git.epam.com/epmc-acm-public/aws-associate-training/-/blob/master/tasks/deploy-ghost/task4_ecs.md,cx-lab-4,,True
https://git.epam.com/epmc-acm-public/aws-associate-training/-/blob/master/materials/container_services/hands-on-labs.md,cx-cont-ho,,True
https://git.epam.com/epmc-acm-public/aws-associate-training/-/blob/master/materials/container_services/README.md,cx-cont,,True
https://git.epam.com/epmc-acm-public/aws-associate-training/-/blob/master/tasks/deploy-ghost/task3_db.md,cx-lab-3,,True
https://git.epam.com/epmc-acm-public/aws-associate-training/-/blob/master/materials/database_services/hands-on-labs.md,cx-db-ho,,True
https://git.epam.com/epmc-acm-public/aws-associate-training/-/blob/master/materials/database_services/README.md,cx-db,,True
https://git.epam.com/epmc-acm-public/aws-associate-training/-/blob/master/tasks/deploy-ghost/task2_iac.md,cx-lab-2,,True
https://git.epam.com/epmc-acm-public/aws-associate-training/-/blob/master/materials/provisioning_services/hands-on-labs.md,cx-prov-ho,,True
https://git.epam.com/epmc-acm-public/aws-associate-training/-/blob/master/materials/provisioning_services/README.md,cx-prov,,True
https://git.epam.com/epmc-acm-public/aws-associate-training/-/blob/master/tasks/deploy-ghost/task1_basic_infra.md,cx-lab-1,,True
https://git.epam.com/epmc-acm-public/aws-associate-training/-/blob/master/tasks/deploy-ghost/README.md,cx-lab-ovw,,True
https://git.epam.com/epmc-acm-public/aws-associate-training/-/blob/master/materials/storage_services/hands-on-labs.md,cx-stor-ho,,True
https://git.epam.com/epmc-acm-public/aws-associate-training/-/blob/master/materials/storage_services/README.md,cx-stor,,True
https://git.epam.com/epmc-acm-public/aws-associate-training/-/blob/master/materials/networking_dns_and_content_delivery/hands-on-labs.md,cx-net-ho,,True
https://git.epam.com/epmc-acm-public/aws-associate-training/-/blob/master/materials/networking_dns_and_content_delivery/README.md,cx-net,,True
https://git.epam.com/epmc-acm-public/aws-associate-training/-/blob/master/materials/compute_services/hands-on-labs.md,cx-comp-ho,,True
https://git.epam.com/epmc-acm-public/aws-associate-training/-/blob/master/materials/compute_services/README.md,cx-comp,,True
https://git.epam.com/epmc-acm-public/aws-associate-training/-/blob/master/materials/security_identity_&_compliance/hands-on-labs.md,cx-sec-ho,,True
https://git.epam.com/epmc-acm-public/aws-associate-training/-/blob/master/materials/security_identity_&_compliance/README.md,cx-sec,,True
https://git.epam.com/epmc-acm-public/aws-associate-training/-/blob/master/materials/aws_cloud_overview/initial_setup_task.md,cx-init,,True
https://git.epam.com/epmc-acm-public/aws-associate-training/-/blob/master/materials/aws_cloud_overview/README.md,cx-ovw,,True
