{
    "Version": "2012-10-17",
    "Statement": [
        {
            "Sid": "S3Permissions",
            "Effect": "Allow",
            "Action": [
                "s3:GetBucketLocation",
                "s3:GetBucketNotification",
                "s3:PutBucketNotification",
                "s3:ListAllMyBuckets"
            ],
            "Resource": "arn:aws:s3:::*"
        },
        {
            "Sid": "AddPermissionToFunctionPolicy",
            "Effect": "Allow",
            "Action": [
                "lambda:AddPermission",
                "lambda:RemovePermission"
            ],
            "Resource": "arn:aws:lambda:us-east-2:123456789012:function:*"
        }
    ]
}
