{
    "Version": "2012-10-17",
    "Statement": [
        {
            "Sid": "ApiGatewayPermissions",
            "Effect": "Allow",
            "Action": [
                "apigateway:*"
            ],
            "Resource": "*"
        },
        {
            "Sid": "AddPermissionToFunctionPolicy",
            "Effect": "Allow",
            "Action": [
                "lambda:AddPermission",
                "lambda:RemovePermission",
                "lambda:GetPolicy"
            ],
            "Resource": "arn:aws:lambda:us-east-2:123456789012:function:*"
        },
        {
            "Sid": "ListEventSourcePerm",
            "Effect": "Allow",
            "Action": [
                "lambda:ListEventSourceMappings"
            ],
            "Resource": "*"
        }
    ]
}
