{
    "Version": "2012-10-17",
    "Statement": [
        {
            "Sid": "EventPerms",
            "Effect": "Allow",
            "Action": [
                "events:PutRule",
                "events:ListRules",
                "events:ListRuleNamesByTarget",
                "events:PutTargets",
                "events:RemoveTargets",
                "events:DescribeRule",
                "events:TestEventPattern",
                "events:ListTargetsByRule",
                "events:DeleteRule"

              ],
            "Resource": "arn:aws:events:us-east-2:123456789012:*"
        },
        {
            "Sid": "AddPermissionToFunctionPolicy",
            "Effect": "Allow",
            "Action": [
                "lambda:AddPermission",
                "lambda:RemovePermission",
                "lambda:GetPolicy"
              ],
            "Resource": "arn:aws:lambda:us-east-2:123456789012:function:*"
        }
    ]
}