{
   "Version":"2012-10-17",
   "Statement":[
      {
         "Effect":"Allow",
         "Action":"lambda:InvokeFunction",
         "Resource":"arn:aws:lambda:us-east-2:123456789012:function:my-function*"
      },
      {
         "Effect":"Allow",
         "Action":[
            "dynamodb:DescribeStream",
            "dynamodb:GetRecords",
            "dynamodb:GetShardIterator",
            "dynamodb:ListStreams"
         ],
         "Resource":"arn:aws:dynamodb:us-east-2:123456789012:table/tableName/stream/*"
      }
   ]
}
